{"cameraMode":{"drawMode":0,"name":"Shaded","section":"Shading Mode"},"sceneLighting":false,"audioPlay":false,"sceneViewState":{"showFog":false,"showMaterialUpdate":false,"showSkybox":false,"showFlares":false,"showImageEffects":false,"showParticleSystems":false},"in2DMode":false,"pivot":{"x":-8.569999694824219,"y":-3.9200000762939455,"z":9.899999618530274},"rotation":{"x":0.006893868092447519,"y":0.9672244191169739,"z":-0.2524509131908417,"w":0.02641272358596325},"size":6.00031852722168,"orthographic":false}