{"cameraMode":{"drawMode":0,"name":"Shaded","section":"Shading Mode"},"sceneLighting":false,"audioPlay":false,"sceneViewState":{"showFog":false,"showMaterialUpdate":false,"showSkybox":false,"showFlares":false,"showImageEffects":false,"showParticleSystems":false},"in2DMode":false,"pivot":{"x":-5.673261642456055,"y":4.1826066970825199,"z":12.513890266418457},"rotation":{"x":0.011568860150873661,"y":0.9678783416748047,"z":-0.24703533947467805,"w":0.045326728373765948},"size":10.970707893371582,"orthographic":true}