{"cameraMode":{"drawMode":0,"name":"Shaded","section":"Shading Mode"},"sceneLighting":false,"audioPlay":false,"sceneViewState":{"showFog":false,"showMaterialUpdate":false,"showSkybox":false,"showFlares":false,"showImageEffects":false,"showParticleSystems":false},"in2DMode":false,"pivot":{"x":-8.79201889038086,"y":-4.856328010559082,"z":7.475643157958984},"rotation":{"x":-0.19054833054542542,"y":-0.7740975022315979,"z":0.2742624282836914,"w":-0.5378167033195496},"size":2.976778507232666,"orthographic":false}