{"cameraMode":{"drawMode":0,"name":"Shaded","section":"Shading Mode"},"sceneLighting":false,"audioPlay":false,"sceneViewState":{"showFog":false,"showMaterialUpdate":false,"showSkybox":false,"showFlares":false,"showImageEffects":false,"showParticleSystems":false},"in2DMode":false,"pivot":{"x":1.1498226371031706e-8,"y":0.8323302268981934,"z":-0.00642143189907074},"rotation":{"x":-0.062391381710767749,"y":0.9341100454330444,"z":-0.28680479526519778,"w":-0.2032068520784378},"size":19.01654624938965,"orthographic":true}