{"cameraMode":{"drawMode":0,"name":"Shaded","section":"Shading Mode"},"sceneLighting":false,"audioPlay":false,"sceneViewState":{"showFog":false,"showMaterialUpdate":false,"showSkybox":false,"showFlares":false,"showImageEffects":false,"showParticleSystems":false},"in2DMode":false,"pivot":{"x":-10.9723482131958,"y":-3.3232669830322267,"z":10.702526092529297},"rotation":{"x":-0.041066184639930728,"y":0.9520682096481323,"z":-0.14768870174884797,"w":-0.2647264897823334},"size":6.451119422912598,"orthographic":true}