{"cameraMode":{"drawMode":0,"name":"Shaded","section":"Shading Mode"},"sceneLighting":false,"audioPlay":false,"sceneViewState":{"showFog":false,"showMaterialUpdate":false,"showSkybox":false,"showFlares":false,"showImageEffects":false,"showParticleSystems":false},"in2DMode":false,"pivot":{"x":25.271255493164064,"y":-21.259044647216798,"z":-84.10276794433594},"rotation":{"x":0.015451920218765736,"y":0.9832038879394531,"z":-0.10003912448883057,"w":0.15191341936588288},"size":58.85654067993164,"orthographic":false}