{"cameraMode":{"drawMode":0,"name":"Shaded","section":"Shading Mode"},"sceneLighting":false,"audioPlay":false,"sceneViewState":{"showFog":false,"showMaterialUpdate":false,"showSkybox":false,"showFlares":false,"showImageEffects":false,"showParticleSystems":false},"in2DMode":false,"pivot":{"x":-9.794703483581543,"y":1.4720823764801026,"z":9.347766876220704},"rotation":{"x":0.002196497982367873,"y":0.987153947353363,"z":-0.15920288860797883,"w":0.013620208017528057},"size":4.021296501159668,"orthographic":true}